{
  "AF": [],
  "AL": {
      "AL-01": "Berat",
      "AL-09": "Dib\u00ebr",
      "AL-02": "Durr\u00ebs",
      "AL-03": "Elbasan",
      "AL-04": "Fier",
      "AL-05": "Gjirokast\u00ebr",
      "AL-06": "Kor\u00e7\u00eb",
      "AL-07": "Kuk\u00ebs",
      "AL-08": "Lezh\u00eb",
      "AL-10": "Shkod\u00ebr",
      "AL-11": "Tirana",
      "AL-12": "Vlor\u00eb"
  },
  "AO": {
      "BGO": "Bengo",
      "BLU": "Benguela",
      "BIE": "Bi\u00e9",
      "CAB": "Cabinda",
      "CNN": "Cunene",
      "HUA": "Huambo",
      "HUI": "Hu\u00edla",
      "CCU": "Kuando Kubango",
      "CNO": "Kwanza-Norte",
      "CUS": "Kwanza-Sul",
      "LUA": "Luanda",
      "LNO": "Lunda-Norte",
      "LSU": "Lunda-Sul",
      "MAL": "Malanje",
      "MOX": "Moxico",
      "NAM": "Namibe",
      "UIG": "U\u00edge",
      "ZAI": "Zaire"
  },
  "AR": {
      "C": "Ciudad Aut\u00f3noma de Buenos Aires",
      "B": "Buenos Aires",
      "K": "Catamarca",
      "H": "Chaco",
      "U": "Chubut",
      "X": "C\u00f3rdoba",
      "W": "Corrientes",
      "E": "Entre R\u00edos",
      "P": "Formosa",
      "Y": "Jujuy",
      "L": "La Pampa",
      "F": "La Rioja",
      "M": "Mendoza",
      "N": "Misiones",
      "Q": "Neuqu\u00e9n",
      "R": "R\u00edo Negro",
      "A": "Salta",
      "J": "San Juan",
      "D": "San Luis",
      "Z": "Santa Cruz",
      "S": "Santa Fe",
      "G": "Santiago del Estero",
      "V": "Tierra del Fuego",
      "T": "Tucum\u00e1n"
  },
  "AT": [],
  "AU": {
      "ACT": "Australian Capital Territory",
      "NSW": "New South Wales",
      "NT": "Northern Territory",
      "QLD": "Queensland",
      "SA": "South Australia",
      "TAS": "Tasmania",
      "VIC": "Victoria",
      "WA": "Western Australia"
  },
  "AX": [],
  "BD": {
      "BD-05": "Bagerhat",
      "BD-01": "Bandarban",
      "BD-02": "Barguna",
      "BD-06": "Barishal",
      "BD-07": "Bhola",
      "BD-03": "Bogura",
      "BD-04": "Brahmanbaria",
      "BD-09": "Chandpur",
      "BD-10": "Chattogram",
      "BD-12": "Chuadanga",
      "BD-11": "Cox's Bazar",
      "BD-08": "Cumilla",
      "BD-13": "Dhaka",
      "BD-14": "Dinajpur",
      "BD-15": "Faridpur ",
      "BD-16": "Feni",
      "BD-19": "Gaibandha",
      "BD-18": "Gazipur",
      "BD-17": "Gopalganj",
      "BD-20": "Habiganj",
      "BD-21": "Jamalpur",
      "BD-22": "Jashore",
      "BD-25": "Jhalokati",
      "BD-23": "Jhenaidah",
      "BD-24": "Joypurhat",
      "BD-29": "Khagrachhari",
      "BD-27": "Khulna",
      "BD-26": "Kishoreganj",
      "BD-28": "Kurigram",
      "BD-30": "Kushtia",
      "BD-31": "Lakshmipur",
      "BD-32": "Lalmonirhat",
      "BD-36": "Madaripur",
      "BD-37": "Magura",
      "BD-33": "Manikganj ",
      "BD-39": "Meherpur",
      "BD-38": "Moulvibazar",
      "BD-35": "Munshiganj",
      "BD-34": "Mymensingh",
      "BD-48": "Naogaon",
      "BD-43": "Narail",
      "BD-40": "Narayanganj",
      "BD-42": "Narsingdi",
      "BD-44": "Natore",
      "BD-45": "Nawabganj",
      "BD-41": "Netrakona",
      "BD-46": "Nilphamari",
      "BD-47": "Noakhali",
      "BD-49": "Pabna",
      "BD-52": "Panchagarh",
      "BD-51": "Patuakhali",
      "BD-50": "Pirojpur",
      "BD-53": "Rajbari",
      "BD-54": "Rajshahi",
      "BD-56": "Rangamati",
      "BD-55": "Rangpur",
      "BD-58": "Satkhira",
      "BD-62": "Shariatpur",
      "BD-57": "Sherpur",
      "BD-59": "Sirajganj",
      "BD-61": "Sunamganj",
      "BD-60": "Sylhet",
      "BD-63": "Tangail",
      "BD-64": "Thakurgaon"
  },
  "BE": [],
  "BG": {
      "BG-01": "Blagoevgrad",
      "BG-02": "Burgas",
      "BG-08": "Dobrich",
      "BG-07": "Gabrovo",
      "BG-26": "Haskovo",
      "BG-09": "Kardzhali",
      "BG-10": "Kyustendil",
      "BG-11": "Lovech",
      "BG-12": "Montana",
      "BG-13": "Pazardzhik",
      "BG-14": "Pernik",
      "BG-15": "Pleven",
      "BG-16": "Plovdiv",
      "BG-17": "Razgrad",
      "BG-18": "Ruse",
      "BG-27": "Shumen",
      "BG-19": "Silistra",
      "BG-20": "Sliven",
      "BG-21": "Smolyan",
      "BG-23": "Sofia",
      "BG-22": "Sofia-Grad",
      "BG-24": "Stara Zagora",
      "BG-25": "Targovishte",
      "BG-03": "Varna",
      "BG-04": "Veliko Tarnovo",
      "BG-05": "Vidin",
      "BG-06": "Vratsa",
      "BG-28": "Yambol"
  },
  "BH": [],
  "BI": [],
  "BJ": {
      "AL": "Alibori",
      "AK": "Atakora",
      "AQ": "Atlantique",
      "BO": "Borgou",
      "CO": "Collines",
      "KO": "Kouffo",
      "DO": "Donga",
      "LI": "Littoral",
      "MO": "Mono",
      "OU": "Ou\u00e9m\u00e9",
      "PL": "Plateau",
      "ZO": "Zou"
  },
  "BO": {
      "BO-B": "Beni",
      "BO-H": "Chuquisaca",
      "BO-C": "Cochabamba",
      "BO-L": "La Paz",
      "BO-O": "Oruro",
      "BO-N": "Pando",
      "BO-P": "Potos\u00ed",
      "BO-S": "Santa Cruz",
      "BO-T": "Tarija"
  },
  "BR": {
      "AC": "Acre",
      "AL": "Alagoas",
      "AP": "Amap\u00e1",
      "AM": "Amazonas",
      "BA": "Bahia",
      "CE": "Cear\u00e1",
      "DF": "Distrito Federal",
      "ES": "Esp\u00edrito Santo",
      "GO": "Goi\u00e1s",
      "MA": "Maranh\u00e3o",
      "MT": "Mato Grosso",
      "MS": "Mato Grosso do Sul",
      "MG": "Minas Gerais",
      "PA": "Par\u00e1",
      "PB": "Para\u00edba",
      "PR": "Paran\u00e1",
      "PE": "Pernambuco",
      "PI": "Piau\u00ed",
      "RJ": "Rio de Janeiro",
      "RN": "Rio Grande do Norte",
      "RS": "Rio Grande do Sul",
      "RO": "Rond\u00f4nia",
      "RR": "Roraima",
      "SC": "Santa Catarina",
      "SP": "S\u00e3o Paulo",
      "SE": "Sergipe",
      "TO": "Tocantins"
  },
  "CA": {
      "AB": "Alberta",
      "BC": "British Columbia",
      "MB": "Manitoba",
      "NB": "New Brunswick",
      "NL": "Newfoundland and Labrador",
      "NT": "Northwest Territories",
      "NS": "Nova Scotia",
      "NU": "Nunavut",
      "ON": "Ontario",
      "PE": "Prince Edward Island",
      "QC": "Quebec",
      "SK": "Saskatchewan",
      "YT": "Yukon Territory"
  },
  "CH": {
      "AG": "Aargau",
      "AR": "Appenzell Ausserrhoden",
      "AI": "Appenzell Innerrhoden",
      "BL": "Basel-Landschaft",
      "BS": "Basel-Stadt",
      "BE": "Bern",
      "FR": "Fribourg",
      "GE": "Geneva",
      "GL": "Glarus",
      "GR": "Graub\u00fcnden",
      "JU": "Jura",
      "LU": "Luzern",
      "NE": "Neuch\u00e2tel",
      "NW": "Nidwalden",
      "OW": "Obwalden",
      "SH": "Schaffhausen",
      "SZ": "Schwyz",
      "SO": "Solothurn",
      "SG": "St. Gallen",
      "TG": "Thurgau",
      "TI": "Ticino",
      "UR": "Uri",
      "VS": "Valais",
      "VD": "Vaud",
      "ZG": "Zug",
      "ZH": "Z\u00fcrich"
  },
  "CL": {
      "CL-AI": "Ais\u00e9n del General Carlos Iba\u00f1ez del Campo",
      "CL-AN": "Antofagasta",
      "CL-AP": "Arica y Parinacota",
      "CL-AR": "La Araucan\u00eda",
      "CL-AT": "Atacama",
      "CL-BI": "Biob\u00edo",
      "CL-CO": "Coquimbo",
      "CL-LI": "Libertador General Bernardo O'Higgins",
      "CL-LL": "Los Lagos",
      "CL-LR": "Los R\u00edos",
      "CL-MA": "Magallanes",
      "CL-ML": "Maule",
      "CL-NB": "\u00d1uble",
      "CL-RM": "Regi\u00f3n Metropolitana de Santiago",
      "CL-TA": "Tarapac\u00e1",
      "CL-VS": "Valpara\u00edso"
  },
  "CN": {
      "CN1": "Yunnan \/ \u4e91\u5357",
      "CN2": "Beijing \/ \u5317\u4eac",
      "CN3": "Tianjin \/ \u5929\u6d25",
      "CN4": "Hebei \/ \u6cb3\u5317",
      "CN5": "Shanxi \/ \u5c71\u897f",
      "CN6": "Inner Mongolia \/ \u5167\u8499\u53e4",
      "CN7": "Liaoning \/ \u8fbd\u5b81",
      "CN8": "Jilin \/ \u5409\u6797",
      "CN9": "Heilongjiang \/ \u9ed1\u9f99\u6c5f",
      "CN10": "Shanghai \/ \u4e0a\u6d77",
      "CN11": "Jiangsu \/ \u6c5f\u82cf",
      "CN12": "Zhejiang \/ \u6d59\u6c5f",
      "CN13": "Anhui \/ \u5b89\u5fbd",
      "CN14": "Fujian \/ \u798f\u5efa",
      "CN15": "Jiangxi \/ \u6c5f\u897f",
      "CN16": "Shandong \/ \u5c71\u4e1c",
      "CN17": "Henan \/ \u6cb3\u5357",
      "CN18": "Hubei \/ \u6e56\u5317",
      "CN19": "Hunan \/ \u6e56\u5357",
      "CN20": "Guangdong \/ \u5e7f\u4e1c",
      "CN21": "Guangxi Zhuang \/ \u5e7f\u897f\u58ee\u65cf",
      "CN22": "Hainan \/ \u6d77\u5357",
      "CN23": "Chongqing \/ \u91cd\u5e86",
      "CN24": "Sichuan \/ \u56db\u5ddd",
      "CN25": "Guizhou \/ \u8d35\u5dde",
      "CN26": "Shaanxi \/ \u9655\u897f",
      "CN27": "Gansu \/ \u7518\u8083",
      "CN28": "Qinghai \/ \u9752\u6d77",
      "CN29": "Ningxia Hui \/ \u5b81\u590f",
      "CN30": "Macao \/ \u6fb3\u95e8",
      "CN31": "Tibet \/ \u897f\u85cf",
      "CN32": "Xinjiang \/ \u65b0\u7586"
  },
  "CO": {
      "CO-AMA": "Amazonas",
      "CO-ANT": "Antioquia",
      "CO-ARA": "Arauca",
      "CO-ATL": "Atl\u00e1ntico",
      "CO-BOL": "Bol\u00edvar",
      "CO-BOY": "Boyac\u00e1",
      "CO-CAL": "Caldas",
      "CO-CAQ": "Caquet\u00e1",
      "CO-CAS": "Casanare",
      "CO-CAU": "Cauca",
      "CO-CES": "Cesar",
      "CO-CHO": "Choc\u00f3",
      "CO-COR": "C\u00f3rdoba",
      "CO-CUN": "Cundinamarca",
      "CO-DC": "Capital District",
      "CO-GUA": "Guain\u00eda",
      "CO-GUV": "Guaviare",
      "CO-HUI": "Huila",
      "CO-LAG": "La Guajira",
      "CO-MAG": "Magdalena",
      "CO-MET": "Meta",
      "CO-NAR": "Nari\u00f1o",
      "CO-NSA": "Norte de Santander",
      "CO-PUT": "Putumayo",
      "CO-QUI": "Quind\u00edo",
      "CO-RIS": "Risaralda",
      "CO-SAN": "Santander",
      "CO-SAP": "San Andr\u00e9s & Providencia",
      "CO-SUC": "Sucre",
      "CO-TOL": "Tolima",
      "CO-VAC": "Valle del Cauca",
      "CO-VAU": "Vaup\u00e9s",
      "CO-VID": "Vichada"
  },
  "CR": {
      "CR-A": "Alajuela",
      "CR-C": "Cartago",
      "CR-G": "Guanacaste",
      "CR-H": "Heredia",
      "CR-L": "Lim\u00f3n",
      "CR-P": "Puntarenas",
      "CR-SJ": "San Jos\u00e9"
  },
  "CZ": [],
  "DE": {
      "DE-BW": "Baden-W\u00fcrttemberg",
      "DE-BY": "Bavaria",
      "DE-BE": "Berlin",
      "DE-BB": "Brandenburg",
      "DE-HB": "Bremen",
      "DE-HH": "Hamburg",
      "DE-HE": "Hesse",
      "DE-MV": "Mecklenburg-Vorpommern",
      "DE-NI": "Lower Saxony",
      "DE-NW": "North Rhine-Westphalia",
      "DE-RP": "Rhineland-Palatinate",
      "DE-SL": "Saarland",
      "DE-SN": "Saxony",
      "DE-ST": "Saxony-Anhalt",
      "DE-SH": "Schleswig-Holstein",
      "DE-TH": "Thuringia"
  },
  "DK": [],
  "DO": {
      "DO-01": "Distrito Nacional",
      "DO-02": "Azua",
      "DO-03": "Baoruco",
      "DO-04": "Barahona",
      "DO-33": "Cibao Nordeste",
      "DO-34": "Cibao Noroeste",
      "DO-35": "Cibao Norte",
      "DO-36": "Cibao Sur",
      "DO-05": "Dajab\u00f3n",
      "DO-06": "Duarte",
      "DO-08": "El Seibo",
      "DO-37": "El Valle",
      "DO-07": "El\u00edas Pi\u00f1a",
      "DO-38": "Enriquillo",
      "DO-09": "Espaillat",
      "DO-30": "Hato Mayor",
      "DO-19": "Hermanas Mirabal",
      "DO-39": "Hig\u00fcamo",
      "DO-10": "Independencia",
      "DO-11": "La Altagracia",
      "DO-12": "La Romana",
      "DO-13": "La Vega",
      "DO-14": "Mar\u00eda Trinidad S\u00e1nchez",
      "DO-28": "Monse\u00f1or Nouel",
      "DO-15": "Monte Cristi",
      "DO-29": "Monte Plata",
      "DO-40": "Ozama",
      "DO-16": "Pedernales",
      "DO-17": "Peravia",
      "DO-18": "Puerto Plata",
      "DO-20": "Saman\u00e1",
      "DO-21": "San Crist\u00f3bal",
      "DO-31": "San Jos\u00e9 de Ocoa",
      "DO-22": "San Juan",
      "DO-23": "San Pedro de Macor\u00eds",
      "DO-24": "S\u00e1nchez Ram\u00edrez",
      "DO-25": "Santiago",
      "DO-26": "Santiago Rodr\u00edguez",
      "DO-32": "Santo Domingo",
      "DO-41": "Valdesia",
      "DO-27": "Valverde",
      "DO-42": "Yuma"
  },
  "DZ": {
      "DZ-01": "Adrar",
      "DZ-02": "Chlef",
      "DZ-03": "Laghouat",
      "DZ-04": "Oum El Bouaghi",
      "DZ-05": "Batna",
      "DZ-06": "B\u00e9ja\u00efa",
      "DZ-07": "Biskra",
      "DZ-08": "B\u00e9char",
      "DZ-09": "Blida",
      "DZ-10": "Bouira",
      "DZ-11": "Tamanghasset",
      "DZ-12": "T\u00e9bessa",
      "DZ-13": "Tlemcen",
      "DZ-14": "Tiaret",
      "DZ-15": "Tizi Ouzou",
      "DZ-16": "Algiers",
      "DZ-17": "Djelfa",
      "DZ-18": "Jijel",
      "DZ-19": "S\u00e9tif",
      "DZ-20": "Sa\u00efda",
      "DZ-21": "Skikda",
      "DZ-22": "Sidi Bel Abb\u00e8s",
      "DZ-23": "Annaba",
      "DZ-24": "Guelma",
      "DZ-25": "Constantine",
      "DZ-26": "M\u00e9d\u00e9a",
      "DZ-27": "Mostaganem",
      "DZ-28": "M\u2019Sila",
      "DZ-29": "Mascara",
      "DZ-30": "Ouargla",
      "DZ-31": "Oran",
      "DZ-32": "El Bayadh",
      "DZ-33": "Illizi",
      "DZ-34": "Bordj Bou Arr\u00e9ridj",
      "DZ-35": "Boumerd\u00e8s",
      "DZ-36": "El Tarf",
      "DZ-37": "Tindouf",
      "DZ-38": "Tissemsilt",
      "DZ-39": "El Oued",
      "DZ-40": "Khenchela",
      "DZ-41": "Souk Ahras",
      "DZ-42": "Tipasa",
      "DZ-43": "Mila",
      "DZ-44": "A\u00efn Defla",
      "DZ-45": "Naama",
      "DZ-46": "A\u00efn T\u00e9mouchent",
      "DZ-47": "Gharda\u00efa",
      "DZ-48": "Relizane"
  },
  "EE": [],
  "EC": {
      "EC-A": "Azuay",
      "EC-B": "Bol\u00edvar",
      "EC-F": "Ca\u00f1ar",
      "EC-C": "Carchi",
      "EC-H": "Chimborazo",
      "EC-X": "Cotopaxi",
      "EC-O": "El Oro",
      "EC-E": "Esmeraldas",
      "EC-W": "Gal\u00e1pagos",
      "EC-G": "Guayas",
      "EC-I": "Imbabura",
      "EC-L": "Loja",
      "EC-R": "Los R\u00edos",
      "EC-M": "Manab\u00ed",
      "EC-S": "Morona-Santiago",
      "EC-N": "Napo",
      "EC-D": "Orellana",
      "EC-Y": "Pastaza",
      "EC-P": "Pichincha",
      "EC-SE": "Santa Elena",
      "EC-SD": "Santo Domingo de los Ts\u00e1chilas",
      "EC-U": "Sucumb\u00edos",
      "EC-T": "Tungurahua",
      "EC-Z": "Zamora-Chinchipe"
  },
  "EG": {
      "EGALX": "Alexandria",
      "EGASN": "Aswan",
      "EGAST": "Asyut",
      "EGBA": "Red Sea",
      "EGBH": "Beheira",
      "EGBNS": "Beni Suef",
      "EGC": "Cairo",
      "EGDK": "Dakahlia",
      "EGDT": "Damietta",
      "EGFYM": "Faiyum",
      "EGGH": "Gharbia",
      "EGGZ": "Giza",
      "EGIS": "Ismailia",
      "EGJS": "South Sinai",
      "EGKB": "Qalyubia",
      "EGKFS": "Kafr el-Sheikh",
      "EGKN": "Qena",
      "EGLX": "Luxor",
      "EGMN": "Minya",
      "EGMNF": "Monufia",
      "EGMT": "Matrouh",
      "EGPTS": "Port Said",
      "EGSHG": "Sohag",
      "EGSHR": "Al Sharqia",
      "EGSIN": "North Sinai",
      "EGSUZ": "Suez",
      "EGWAD": "New Valley"
  },
  "ES": {
      "C": "A Coru\u00f1a",
      "VI": "Araba\/\u00c1lava",
      "AB": "Albacete",
      "A": "Alicante",
      "AL": "Almer\u00eda",
      "O": "Asturias",
      "AV": "\u00c1vila",
      "BA": "Badajoz",
      "PM": "Baleares",
      "B": "Barcelona",
      "BU": "Burgos",
      "CC": "C\u00e1ceres",
      "CA": "C\u00e1diz",
      "S": "Cantabria",
      "CS": "Castell\u00f3n",
      "CE": "Ceuta",
      "CR": "Ciudad Real",
      "CO": "C\u00f3rdoba",
      "CU": "Cuenca",
      "GI": "Girona",
      "GR": "Granada",
      "GU": "Guadalajara",
      "SS": "Gipuzkoa",
      "H": "Huelva",
      "HU": "Huesca",
      "J": "Ja\u00e9n",
      "LO": "La Rioja",
      "GC": "Las Palmas",
      "LE": "Le\u00f3n",
      "L": "Lleida",
      "LU": "Lugo",
      "M": "Madrid",
      "MA": "M\u00e1laga",
      "ML": "Melilla",
      "MU": "Murcia",
      "NA": "Navarra",
      "OR": "Ourense",
      "P": "Palencia",
      "PO": "Pontevedra",
      "SA": "Salamanca",
      "TF": "Santa Cruz de Tenerife",
      "SG": "Segovia",
      "SE": "Sevilla",
      "SO": "Soria",
      "T": "Tarragona",
      "TE": "Teruel",
      "TO": "Toledo",
      "V": "Valencia",
      "VA": "Valladolid",
      "BI": "Biscay",
      "ZA": "Zamora",
      "Z": "Zaragoza"
  },
  "FI": [],
  "FR": [],
  "GF": [],
  "GH": {
      "AF": "Ahafo",
      "AH": "Ashanti",
      "BA": "Brong-Ahafo",
      "BO": "Bono",
      "BE": "Bono East",
      "CP": "Central",
      "EP": "Eastern",
      "AA": "Greater Accra",
      "NE": "North East",
      "NP": "Northern",
      "OT": "Oti",
      "SV": "Savannah",
      "UE": "Upper East",
      "UW": "Upper West",
      "TV": "Volta",
      "WP": "Western",
      "WN": "Western North"
  },
  "GP": [],
  "GR": {
      "I": "Attica",
      "A": "East Macedonia and Thrace",
      "B": "Central Macedonia",
      "C": "West Macedonia",
      "D": "Epirus",
      "E": "Thessaly",
      "F": "Ionian Islands",
      "G": "West Greece",
      "H": "Central Greece",
      "J": "Peloponnese",
      "K": "North Aegean",
      "L": "South Aegean",
      "M": "Crete"
  },
  "GT": {
      "GT-AV": "Alta Verapaz",
      "GT-BV": "Baja Verapaz",
      "GT-CM": "Chimaltenango",
      "GT-CQ": "Chiquimula",
      "GT-PR": "El Progreso",
      "GT-ES": "Escuintla",
      "GT-GU": "Guatemala",
      "GT-HU": "Huehuetenango",
      "GT-IZ": "Izabal",
      "GT-JA": "Jalapa",
      "GT-JU": "Jutiapa",
      "GT-PE": "Pet\u00e9n",
      "GT-QZ": "Quetzaltenango",
      "GT-QC": "Quich\u00e9",
      "GT-RE": "Retalhuleu",
      "GT-SA": "Sacatep\u00e9quez",
      "GT-SM": "San Marcos",
      "GT-SR": "Santa Rosa",
      "GT-SO": "Solol\u00e1",
      "GT-SU": "Suchitep\u00e9quez",
      "GT-TO": "Totonicap\u00e1n",
      "GT-ZA": "Zacapa"
  },
  "HK": {
      "HONG KONG": "Hong Kong Island",
      "KOWLOON": "Kowloon",
      "NEW TERRITORIES": "New Territories"
  },
  "HN": {
      "HN-AT": "Atl\u00e1ntida",
      "HN-IB": "Bay Islands",
      "HN-CH": "Choluteca",
      "HN-CL": "Col\u00f3n",
      "HN-CM": "Comayagua",
      "HN-CP": "Cop\u00e1n",
      "HN-CR": "Cort\u00e9s",
      "HN-EP": "El Para\u00edso",
      "HN-FM": "Francisco Moraz\u00e1n",
      "HN-GD": "Gracias a Dios",
      "HN-IN": "Intibuc\u00e1",
      "HN-LE": "Lempira",
      "HN-LP": "La Paz",
      "HN-OC": "Ocotepeque",
      "HN-OL": "Olancho",
      "HN-SB": "Santa B\u00e1rbara",
      "HN-VA": "Valle",
      "HN-YO": "Yoro"
  },
  "HU": {
      "BK": "B\u00e1cs-Kiskun",
      "BE": "B\u00e9k\u00e9s",
      "BA": "Baranya",
      "BZ": "Borsod-Aba\u00faj-Zempl\u00e9n",
      "BU": "Budapest",
      "CS": "Csongr\u00e1d-Csan\u00e1d",
      "FE": "Fej\u00e9r",
      "GS": "Gy\u0151r-Moson-Sopron",
      "HB": "Hajd\u00fa-Bihar",
      "HE": "Heves",
      "JN": "J\u00e1sz-Nagykun-Szolnok",
      "KE": "Kom\u00e1rom-Esztergom",
      "NO": "N\u00f3gr\u00e1d",
      "PE": "Pest",
      "SO": "Somogy",
      "SZ": "Szabolcs-Szatm\u00e1r-Bereg",
      "TO": "Tolna",
      "VA": "Vas",
      "VE": "Veszpr\u00e9m",
      "ZA": "Zala"
  },
  "ID": {
      "AC": "Daerah Istimewa Aceh",
      "SU": "Sumatera Utara",
      "SB": "Sumatera Barat",
      "RI": "Riau",
      "KR": "Kepulauan Riau",
      "JA": "Jambi",
      "SS": "Sumatera Selatan",
      "BB": "Bangka Belitung",
      "BE": "Bengkulu",
      "LA": "Lampung",
      "JK": "DKI Jakarta",
      "JB": "Jawa Barat",
      "BT": "Banten",
      "JT": "Jawa Tengah",
      "JI": "Jawa Timur",
      "YO": "Daerah Istimewa Yogyakarta",
      "BA": "Bali",
      "NB": "Nusa Tenggara Barat",
      "NT": "Nusa Tenggara Timur",
      "KB": "Kalimantan Barat",
      "KT": "Kalimantan Tengah",
      "KI": "Kalimantan Timur",
      "KS": "Kalimantan Selatan",
      "KU": "Kalimantan Utara",
      "SA": "Sulawesi Utara",
      "ST": "Sulawesi Tengah",
      "SG": "Sulawesi Tenggara",
      "SR": "Sulawesi Barat",
      "SN": "Sulawesi Selatan",
      "GO": "Gorontalo",
      "MA": "Maluku",
      "MU": "Maluku Utara",
      "PA": "Papua",
      "PB": "Papua Barat"
  },
  "IE": {
      "CW": "Carlow",
      "CN": "Cavan",
      "CE": "Clare",
      "CO": "Cork",
      "DL": "Donegal",
      "D": "Dublin",
      "G": "Galway",
      "KY": "Kerry",
      "KE": "Kildare",
      "KK": "Kilkenny",
      "LS": "Laois",
      "LM": "Leitrim",
      "LK": "Limerick",
      "LD": "Longford",
      "LH": "Louth",
      "MO": "Mayo",
      "MH": "Meath",
      "MN": "Monaghan",
      "OY": "Offaly",
      "RN": "Roscommon",
      "SO": "Sligo",
      "TA": "Tipperary",
      "WD": "Waterford",
      "WH": "Westmeath",
      "WX": "Wexford",
      "WW": "Wicklow"
  },
  "IN": {
      "AP": "Andhra Pradesh",
      "AR": "Arunachal Pradesh",
      "AS": "Assam",
      "BR": "Bihar",
      "CT": "Chhattisgarh",
      "GA": "Goa",
      "GJ": "Gujarat",
      "HR": "Haryana",
      "HP": "Himachal Pradesh",
      "JK": "Jammu and Kashmir",
      "JH": "Jharkhand",
      "KA": "Karnataka",
      "KL": "Kerala",
      "LA": "Ladakh",
      "MP": "Madhya Pradesh",
      "MH": "Maharashtra",
      "MN": "Manipur",
      "ML": "Meghalaya",
      "MZ": "Mizoram",
      "NL": "Nagaland",
      "OR": "Odisha",
      "PB": "Punjab",
      "RJ": "Rajasthan",
      "SK": "Sikkim",
      "TN": "Tamil Nadu",
      "TS": "Telangana",
      "TR": "Tripura",
      "UK": "Uttarakhand",
      "UP": "Uttar Pradesh",
      "WB": "West Bengal",
      "AN": "Andaman and Nicobar Islands",
      "CH": "Chandigarh",
      "DN": "Dadra and Nagar Haveli",
      "DD": "Daman and Diu",
      "DL": "Delhi",
      "LD": "Lakshadeep",
      "PY": "Pondicherry (Puducherry)"
  },
  "IR": {
      "KHZ": "Khuzestan (\u062e\u0648\u0632\u0633\u062a\u0627\u0646)",
      "THR": "Tehran (\u062a\u0647\u0631\u0627\u0646)",
      "ILM": "Ilaam (\u0627\u06cc\u0644\u0627\u0645)",
      "BHR": "Bushehr (\u0628\u0648\u0634\u0647\u0631)",
      "ADL": "Ardabil (\u0627\u0631\u062f\u0628\u06cc\u0644)",
      "ESF": "Isfahan (\u0627\u0635\u0641\u0647\u0627\u0646)",
      "YZD": "Yazd (\u06cc\u0632\u062f)",
      "KRH": "Kermanshah (\u06a9\u0631\u0645\u0627\u0646\u0634\u0627\u0647)",
      "KRN": "Kerman (\u06a9\u0631\u0645\u0627\u0646)",
      "HDN": "Hamadan (\u0647\u0645\u062f\u0627\u0646)",
      "GZN": "Ghazvin (\u0642\u0632\u0648\u06cc\u0646)",
      "ZJN": "Zanjan (\u0632\u0646\u062c\u0627\u0646)",
      "LRS": "Luristan (\u0644\u0631\u0633\u062a\u0627\u0646)",
      "ABZ": "Alborz (\u0627\u0644\u0628\u0631\u0632)",
      "EAZ": "East Azarbaijan (\u0622\u0630\u0631\u0628\u0627\u06cc\u062c\u0627\u0646 \u0634\u0631\u0642\u06cc)",
      "WAZ": "West Azarbaijan (\u0622\u0630\u0631\u0628\u0627\u06cc\u062c\u0627\u0646 \u063a\u0631\u0628\u06cc)",
      "CHB": "Chaharmahal and Bakhtiari (\u0686\u0647\u0627\u0631\u0645\u062d\u0627\u0644 \u0648 \u0628\u062e\u062a\u06cc\u0627\u0631\u06cc)",
      "SKH": "South Khorasan (\u062e\u0631\u0627\u0633\u0627\u0646 \u062c\u0646\u0648\u0628\u06cc)",
      "RKH": "Razavi Khorasan (\u062e\u0631\u0627\u0633\u0627\u0646 \u0631\u0636\u0648\u06cc)",
      "NKH": "North Khorasan (\u062e\u0631\u0627\u0633\u0627\u0646 \u0634\u0645\u0627\u0644\u06cc)",
      "SMN": "Semnan (\u0633\u0645\u0646\u0627\u0646)",
      "FRS": "Fars (\u0641\u0627\u0631\u0633)",
      "QHM": "Qom (\u0642\u0645)",
      "KRD": "Kurdistan \/ \u06a9\u0631\u062f\u0633\u062a\u0627\u0646)",
      "KBD": "Kohgiluyeh and BoyerAhmad (\u06a9\u0647\u06af\u06cc\u0644\u0648\u06cc\u06cc\u0647 \u0648 \u0628\u0648\u06cc\u0631\u0627\u062d\u0645\u062f)",
      "GLS": "Golestan (\u06af\u0644\u0633\u062a\u0627\u0646)",
      "GIL": "Gilan (\u06af\u06cc\u0644\u0627\u0646)",
      "MZN": "Mazandaran (\u0645\u0627\u0632\u0646\u062f\u0631\u0627\u0646)",
      "MKZ": "Markazi (\u0645\u0631\u06a9\u0632\u06cc)",
      "HRZ": "Hormozgan (\u0647\u0631\u0645\u0632\u06af\u0627\u0646)",
      "SBN": "Sistan and Baluchestan (\u0633\u06cc\u0633\u062a\u0627\u0646 \u0648 \u0628\u0644\u0648\u0686\u0633\u062a\u0627\u0646)"
  },
  "IS": [],
  "IT": {
      "AG": "Agrigento",
      "AL": "Alessandria",
      "AN": "Ancona",
      "AO": "Aosta",
      "AR": "Arezzo",
      "AP": "Ascoli Piceno",
      "AT": "Asti",
      "AV": "Avellino",
      "BA": "Bari",
      "BT": "Barletta-Andria-Trani",
      "BL": "Belluno",
      "BN": "Benevento",
      "BG": "Bergamo",
      "BI": "Biella",
      "BO": "Bologna",
      "BZ": "Bolzano",
      "BS": "Brescia",
      "BR": "Brindisi",
      "CA": "Cagliari",
      "CL": "Caltanissetta",
      "CB": "Campobasso",
      "CE": "Caserta",
      "CT": "Catania",
      "CZ": "Catanzaro",
      "CH": "Chieti",
      "CO": "Como",
      "CS": "Cosenza",
      "CR": "Cremona",
      "KR": "Crotone",
      "CN": "Cuneo",
      "EN": "Enna",
      "FM": "Fermo",
      "FE": "Ferrara",
      "FI": "Firenze",
      "FG": "Foggia",
      "FC": "Forl\u00ec-Cesena",
      "FR": "Frosinone",
      "GE": "Genova",
      "GO": "Gorizia",
      "GR": "Grosseto",
      "IM": "Imperia",
      "IS": "Isernia",
      "SP": "La Spezia",
      "AQ": "L'Aquila",
      "LT": "Latina",
      "LE": "Lecce",
      "LC": "Lecco",
      "LI": "Livorno",
      "LO": "Lodi",
      "LU": "Lucca",
      "MC": "Macerata",
      "MN": "Mantova",
      "MS": "Massa-Carrara",
      "MT": "Matera",
      "ME": "Messina",
      "MI": "Milano",
      "MO": "Modena",
      "MB": "Monza e della Brianza",
      "NA": "Napoli",
      "NO": "Novara",
      "NU": "Nuoro",
      "OR": "Oristano",
      "PD": "Padova",
      "PA": "Palermo",
      "PR": "Parma",
      "PV": "Pavia",
      "PG": "Perugia",
      "PU": "Pesaro e Urbino",
      "PE": "Pescara",
      "PC": "Piacenza",
      "PI": "Pisa",
      "PT": "Pistoia",
      "PN": "Pordenone",
      "PZ": "Potenza",
      "PO": "Prato",
      "RG": "Ragusa",
      "RA": "Ravenna",
      "RC": "Reggio Calabria",
      "RE": "Reggio Emilia",
      "RI": "Rieti",
      "RN": "Rimini",
      "RM": "Roma",
      "RO": "Rovigo",
      "SA": "Salerno",
      "SS": "Sassari",
      "SV": "Savona",
      "SI": "Siena",
      "SR": "Siracusa",
      "SO": "Sondrio",
      "SU": "Sud Sardegna",
      "TA": "Taranto",
      "TE": "Teramo",
      "TR": "Terni",
      "TO": "Torino",
      "TP": "Trapani",
      "TN": "Trento",
      "TV": "Treviso",
      "TS": "Trieste",
      "UD": "Udine",
      "VA": "Varese",
      "VE": "Venezia",
      "VB": "Verbano-Cusio-Ossola",
      "VC": "Vercelli",
      "VR": "Verona",
      "VV": "Vibo Valentia",
      "VI": "Vicenza",
      "VT": "Viterbo"
  },
  "IL": [],
  "IM": [],
  "JM": {
      "JM-01": "Kingston",
      "JM-02": "Saint Andrew",
      "JM-03": "Saint Thomas",
      "JM-04": "Portland",
      "JM-05": "Saint Mary",
      "JM-06": "Saint Ann",
      "JM-07": "Trelawny",
      "JM-08": "Saint James",
      "JM-09": "Hanover",
      "JM-10": "Westmoreland",
      "JM-11": "Saint Elizabeth",
      "JM-12": "Manchester",
      "JM-13": "Clarendon",
      "JM-14": "Saint Catherine"
  },
  "JP": {
      "JP01": "Hokkaido",
      "JP02": "Aomori",
      "JP03": "Iwate",
      "JP04": "Miyagi",
      "JP05": "Akita",
      "JP06": "Yamagata",
      "JP07": "Fukushima",
      "JP08": "Ibaraki",
      "JP09": "Tochigi",
      "JP10": "Gunma",
      "JP11": "Saitama",
      "JP12": "Chiba",
      "JP13": "Tokyo",
      "JP14": "Kanagawa",
      "JP15": "Niigata",
      "JP16": "Toyama",
      "JP17": "Ishikawa",
      "JP18": "Fukui",
      "JP19": "Yamanashi",
      "JP20": "Nagano",
      "JP21": "Gifu",
      "JP22": "Shizuoka",
      "JP23": "Aichi",
      "JP24": "Mie",
      "JP25": "Shiga",
      "JP26": "Kyoto",
      "JP27": "Osaka",
      "JP28": "Hyogo",
      "JP29": "Nara",
      "JP30": "Wakayama",
      "JP31": "Tottori",
      "JP32": "Shimane",
      "JP33": "Okayama",
      "JP34": "Hiroshima",
      "JP35": "Yamaguchi",
      "JP36": "Tokushima",
      "JP37": "Kagawa",
      "JP38": "Ehime",
      "JP39": "Kochi",
      "JP40": "Fukuoka",
      "JP41": "Saga",
      "JP42": "Nagasaki",
      "JP43": "Kumamoto",
      "JP44": "Oita",
      "JP45": "Miyazaki",
      "JP46": "Kagoshima",
      "JP47": "Okinawa"
  },
  "KE": {
      "KE01": "Baringo",
      "KE02": "Bomet",
      "KE03": "Bungoma",
      "KE04": "Busia",
      "KE05": "Elgeyo-Marakwet",
      "KE06": "Embu",
      "KE07": "Garissa",
      "KE08": "Homa Bay",
      "KE09": "Isiolo",
      "KE10": "Kajiado",
      "KE11": "Kakamega",
      "KE12": "Kericho",
      "KE13": "Kiambu",
      "KE14": "Kilifi",
      "KE15": "Kirinyaga",
      "KE16": "Kisii",
      "KE17": "Kisumu",
      "KE18": "Kitui",
      "KE19": "Kwale",
      "KE20": "Laikipia",
      "KE21": "Lamu",
      "KE22": "Machakos",
      "KE23": "Makueni",
      "KE24": "Mandera",
      "KE25": "Marsabit",
      "KE26": "Meru",
      "KE27": "Migori",
      "KE28": "Mombasa",
      "KE29": "Murang\u2019a",
      "KE30": "Nairobi County",
      "KE31": "Nakuru",
      "KE32": "Nandi",
      "KE33": "Narok",
      "KE34": "Nyamira",
      "KE35": "Nyandarua",
      "KE36": "Nyeri",
      "KE37": "Samburu",
      "KE38": "Siaya",
      "KE39": "Taita-Taveta",
      "KE40": "Tana River",
      "KE41": "Tharaka-Nithi",
      "KE42": "Trans Nzoia",
      "KE43": "Turkana",
      "KE44": "Uasin Gishu",
      "KE45": "Vihiga",
      "KE46": "Wajir",
      "KE47": "West Pokot"
  },
  "KR": [],
  "KW": [],
  "LA": {
      "AT": "Attapeu",
      "BK": "Bokeo",
      "BL": "Bolikhamsai",
      "CH": "Champasak",
      "HO": "Houaphanh",
      "KH": "Khammouane",
      "LM": "Luang Namtha",
      "LP": "Luang Prabang",
      "OU": "Oudomxay",
      "PH": "Phongsaly",
      "SL": "Salavan",
      "SV": "Savannakhet",
      "VI": "Vientiane Province",
      "VT": "Vientiane",
      "XA": "Sainyabuli",
      "XE": "Sekong",
      "XI": "Xiangkhouang",
      "XS": "Xaisomboun"
  },
  "LB": [],
  "LR": {
      "BM": "Bomi",
      "BN": "Bong",
      "GA": "Gbarpolu",
      "GB": "Grand Bassa",
      "GC": "Grand Cape Mount",
      "GG": "Grand Gedeh",
      "GK": "Grand Kru",
      "LO": "Lofa",
      "MA": "Margibi",
      "MY": "Maryland",
      "MO": "Montserrado",
      "NM": "Nimba",
      "RV": "Rivercess",
      "RG": "River Gee",
      "SN": "Sinoe"
  },
  "LU": [],
  "MD": {
      "C": "Chi\u0219in\u0103u",
      "BL": "B\u0103l\u021bi",
      "AN": "Anenii Noi",
      "BS": "Basarabeasca",
      "BR": "Briceni",
      "CH": "Cahul",
      "CT": "Cantemir",
      "CL": "C\u0103l\u0103ra\u0219i",
      "CS": "C\u0103u\u0219eni",
      "CM": "Cimi\u0219lia",
      "CR": "Criuleni",
      "DN": "Dondu\u0219eni",
      "DR": "Drochia",
      "DB": "Dub\u0103sari",
      "ED": "Edine\u021b",
      "FL": "F\u0103le\u0219ti",
      "FR": "Flore\u0219ti",
      "GE": "UTA G\u0103g\u0103uzia",
      "GL": "Glodeni",
      "HN": "H\u00eence\u0219ti",
      "IL": "Ialoveni",
      "LV": "Leova",
      "NS": "Nisporeni",
      "OC": "Ocni\u021ba",
      "OR": "Orhei",
      "RZ": "Rezina",
      "RS": "R\u00ee\u0219cani",
      "SG": "S\u00eengerei",
      "SR": "Soroca",
      "ST": "Str\u0103\u0219eni",
      "SD": "\u0218old\u0103ne\u0219ti",
      "SV": "\u0218tefan Vod\u0103",
      "TR": "Taraclia",
      "TL": "Telene\u0219ti",
      "UN": "Ungheni"
  },
  "MQ": [],
  "MT": [],
  "MX": {
      "DF": "Ciudad de M\u00e9xico",
      "JA": "Jalisco",
      "NL": "Nuevo Le\u00f3n",
      "AG": "Aguascalientes",
      "BC": "Baja California",
      "BS": "Baja California Sur",
      "CM": "Campeche",
      "CS": "Chiapas",
      "CH": "Chihuahua",
      "CO": "Coahuila",
      "CL": "Colima",
      "DG": "Durango",
      "GT": "Guanajuato",
      "GR": "Guerrero",
      "HG": "Hidalgo",
      "MX": "Estado de M\u00e9xico",
      "MI": "Michoac\u00e1n",
      "MO": "Morelos",
      "NA": "Nayarit",
      "OA": "Oaxaca",
      "PU": "Puebla",
      "QT": "Quer\u00e9taro",
      "QR": "Quintana Roo",
      "SL": "San Luis Potos\u00ed",
      "SI": "Sinaloa",
      "SO": "Sonora",
      "TB": "Tabasco",
      "TM": "Tamaulipas",
      "TL": "Tlaxcala",
      "VE": "Veracruz",
      "YU": "Yucat\u00e1n",
      "ZA": "Zacatecas"
  },
  "MY": {
      "JHR": "Johor",
      "KDH": "Kedah",
      "KTN": "Kelantan",
      "LBN": "Labuan",
      "MLK": "Malacca (Melaka)",
      "NSN": "Negeri Sembilan",
      "PHG": "Pahang",
      "PNG": "Penang (Pulau Pinang)",
      "PRK": "Perak",
      "PLS": "Perlis",
      "SBH": "Sabah",
      "SWK": "Sarawak",
      "SGR": "Selangor",
      "TRG": "Terengganu",
      "PJY": "Putrajaya",
      "KUL": "Kuala Lumpur"
  },
  "MZ": {
      "MZP": "Cabo Delgado",
      "MZG": "Gaza",
      "MZI": "Inhambane",
      "MZB": "Manica",
      "MZL": "Maputo Province",
      "MZMPM": "Maputo",
      "MZN": "Nampula",
      "MZA": "Niassa",
      "MZS": "Sofala",
      "MZT": "Tete",
      "MZQ": "Zamb\u00e9zia"
  },
  "NA": {
      "ER": "Erongo",
      "HA": "Hardap",
      "KA": "Karas",
      "KE": "Kavango East",
      "KW": "Kavango West",
      "KH": "Khomas",
      "KU": "Kunene",
      "OW": "Ohangwena",
      "OH": "Omaheke",
      "OS": "Omusati",
      "ON": "Oshana",
      "OT": "Oshikoto",
      "OD": "Otjozondjupa",
      "CA": "Zambezi"
  },
  "NG": {
      "AB": "Abia",
      "FC": "Abuja",
      "AD": "Adamawa",
      "AK": "Akwa Ibom",
      "AN": "Anambra",
      "BA": "Bauchi",
      "BY": "Bayelsa",
      "BE": "Benue",
      "BO": "Borno",
      "CR": "Cross River",
      "DE": "Delta",
      "EB": "Ebonyi",
      "ED": "Edo",
      "EK": "Ekiti",
      "EN": "Enugu",
      "GO": "Gombe",
      "IM": "Imo",
      "JI": "Jigawa",
      "KD": "Kaduna",
      "KN": "Kano",
      "KT": "Katsina",
      "KE": "Kebbi",
      "KO": "Kogi",
      "KW": "Kwara",
      "LA": "Lagos",
      "NA": "Nasarawa",
      "NI": "Niger",
      "OG": "Ogun",
      "ON": "Ondo",
      "OS": "Osun",
      "OY": "Oyo",
      "PL": "Plateau",
      "RI": "Rivers",
      "SO": "Sokoto",
      "TA": "Taraba",
      "YO": "Yobe",
      "ZA": "Zamfara"
  },
  "NL": [],
  "NO": [],
  "NP": {
      "BAG": "Bagmati",
      "BHE": "Bheri",
      "DHA": "Dhaulagiri",
      "GAN": "Gandaki",
      "JAN": "Janakpur",
      "KAR": "Karnali",
      "KOS": "Koshi",
      "LUM": "Lumbini",
      "MAH": "Mahakali",
      "MEC": "Mechi",
      "NAR": "Narayani",
      "RAP": "Rapti",
      "SAG": "Sagarmatha",
      "SET": "Seti"
  },
  "NI": {
      "NI-AN": "Atl\u00e1ntico Norte",
      "NI-AS": "Atl\u00e1ntico Sur",
      "NI-BO": "Boaco",
      "NI-CA": "Carazo",
      "NI-CI": "Chinandega",
      "NI-CO": "Chontales",
      "NI-ES": "Estel\u00ed",
      "NI-GR": "Granada",
      "NI-JI": "Jinotega",
      "NI-LE": "Le\u00f3n",
      "NI-MD": "Madriz",
      "NI-MN": "Managua",
      "NI-MS": "Masaya",
      "NI-MT": "Matagalpa",
      "NI-NS": "Nueva Segovia",
      "NI-RI": "Rivas",
      "NI-SJ": "R\u00edo San Juan"
  },
  "NZ": {
      "NL": "Northland",
      "AK": "Auckland",
      "WA": "Waikato",
      "BP": "Bay of Plenty",
      "TK": "Taranaki",
      "GI": "Gisborne",
      "HB": "Hawke\u2019s Bay",
      "MW": "Manawatu-Wanganui",
      "WE": "Wellington",
      "NS": "Nelson",
      "MB": "Marlborough",
      "TM": "Tasman",
      "WC": "West Coast",
      "CT": "Canterbury",
      "OT": "Otago",
      "SL": "Southland"
  },
  "PA": {
      "PA-1": "Bocas del Toro",
      "PA-2": "Cocl\u00e9",
      "PA-3": "Col\u00f3n",
      "PA-4": "Chiriqu\u00ed",
      "PA-5": "Dari\u00e9n",
      "PA-6": "Herrera",
      "PA-7": "Los Santos",
      "PA-8": "Panam\u00e1",
      "PA-9": "Veraguas",
      "PA-10": "West Panam\u00e1",
      "PA-EM": "Ember\u00e1",
      "PA-KY": "Guna Yala",
      "PA-NB": "Ng\u00f6be-Bugl\u00e9"
  },
  "PE": {
      "CAL": "El Callao",
      "LMA": "Municipalidad Metropolitana de Lima",
      "AMA": "Amazonas",
      "ANC": "Ancash",
      "APU": "Apur\u00edmac",
      "ARE": "Arequipa",
      "AYA": "Ayacucho",
      "CAJ": "Cajamarca",
      "CUS": "Cusco",
      "HUV": "Huancavelica",
      "HUC": "Hu\u00e1nuco",
      "ICA": "Ica",
      "JUN": "Jun\u00edn",
      "LAL": "La Libertad",
      "LAM": "Lambayeque",
      "LIM": "Lima",
      "LOR": "Loreto",
      "MDD": "Madre de Dios",
      "MOQ": "Moquegua",
      "PAS": "Pasco",
      "PIU": "Piura",
      "PUN": "Puno",
      "SAM": "San Mart\u00edn",
      "TAC": "Tacna",
      "TUM": "Tumbes",
      "UCA": "Ucayali"
  },
  "PH": {
      "ABR": "Abra",
      "AGN": "Agusan del Norte",
      "AGS": "Agusan del Sur",
      "AKL": "Aklan",
      "ALB": "Albay",
      "ANT": "Antique",
      "APA": "Apayao",
      "AUR": "Aurora",
      "BAS": "Basilan",
      "BAN": "Bataan",
      "BTN": "Batanes",
      "BTG": "Batangas",
      "BEN": "Benguet",
      "BIL": "Biliran",
      "BOH": "Bohol",
      "BUK": "Bukidnon",
      "BUL": "Bulacan",
      "CAG": "Cagayan",
      "CAN": "Camarines Norte",
      "CAS": "Camarines Sur",
      "CAM": "Camiguin",
      "CAP": "Capiz",
      "CAT": "Catanduanes",
      "CAV": "Cavite",
      "CEB": "Cebu",
      "COM": "Compostela Valley",
      "NCO": "Cotabato",
      "DAV": "Davao del Norte",
      "DAS": "Davao del Sur",
      "DAC": "Davao Occidental",
      "DAO": "Davao Oriental",
      "DIN": "Dinagat Islands",
      "EAS": "Eastern Samar",
      "GUI": "Guimaras",
      "IFU": "Ifugao",
      "ILN": "Ilocos Norte",
      "ILS": "Ilocos Sur",
      "ILI": "Iloilo",
      "ISA": "Isabela",
      "KAL": "Kalinga",
      "LUN": "La Union",
      "LAG": "Laguna",
      "LAN": "Lanao del Norte",
      "LAS": "Lanao del Sur",
      "LEY": "Leyte",
      "MAG": "Maguindanao",
      "MAD": "Marinduque",
      "MAS": "Masbate",
      "MSC": "Misamis Occidental",
      "MSR": "Misamis Oriental",
      "MOU": "Mountain Province",
      "NEC": "Negros Occidental",
      "NER": "Negros Oriental",
      "NSA": "Northern Samar",
      "NUE": "Nueva Ecija",
      "NUV": "Nueva Vizcaya",
      "MDC": "Occidental Mindoro",
      "MDR": "Oriental Mindoro",
      "PLW": "Palawan",
      "PAM": "Pampanga",
      "PAN": "Pangasinan",
      "QUE": "Quezon",
      "QUI": "Quirino",
      "RIZ": "Rizal",
      "ROM": "Romblon",
      "WSA": "Samar",
      "SAR": "Sarangani",
      "SIQ": "Siquijor",
      "SOR": "Sorsogon",
      "SCO": "South Cotabato",
      "SLE": "Southern Leyte",
      "SUK": "Sultan Kudarat",
      "SLU": "Sulu",
      "SUN": "Surigao del Norte",
      "SUR": "Surigao del Sur",
      "TAR": "Tarlac",
      "TAW": "Tawi-Tawi",
      "ZMB": "Zambales",
      "ZAN": "Zamboanga del Norte",
      "ZAS": "Zamboanga del Sur",
      "ZSI": "Zamboanga Sibugay",
      "00": "Metro Manila"
  },
  "PK": {
      "JK": "Azad Kashmir",
      "BA": "Balochistan",
      "TA": "FATA",
      "GB": "Gilgit Baltistan",
      "IS": "Islamabad Capital Territory",
      "KP": "Khyber Pakhtunkhwa",
      "PB": "Punjab",
      "SD": "Sindh"
  },
  "PL": [],
  "PR": [],
  "PT": [],
  "PY": {
      "PY-ASU": "Asunci\u00f3n",
      "PY-1": "Concepci\u00f3n",
      "PY-2": "San Pedro",
      "PY-3": "Cordillera",
      "PY-4": "Guair\u00e1",
      "PY-5": "Caaguaz\u00fa",
      "PY-6": "Caazap\u00e1",
      "PY-7": "Itap\u00faa",
      "PY-8": "Misiones",
      "PY-9": "Paraguar\u00ed",
      "PY-10": "Alto Paran\u00e1",
      "PY-11": "Central",
      "PY-12": "\u00d1eembuc\u00fa",
      "PY-13": "Amambay",
      "PY-14": "Canindey\u00fa",
      "PY-15": "Presidente Hayes",
      "PY-16": "Alto Paraguay",
      "PY-17": "Boquer\u00f3n"
  },
  "RE": [],
  "RO": {
      "AB": "Alba",
      "AR": "Arad",
      "AG": "Arge\u0219",
      "BC": "Bac\u0103u",
      "BH": "Bihor",
      "BN": "Bistri\u021ba-N\u0103s\u0103ud",
      "BT": "Boto\u0219ani",
      "BR": "Br\u0103ila",
      "BV": "Bra\u0219ov",
      "B": "Bucure\u0219ti",
      "BZ": "Buz\u0103u",
      "CL": "C\u0103l\u0103ra\u0219i",
      "CS": "Cara\u0219-Severin",
      "CJ": "Cluj",
      "CT": "Constan\u021ba",
      "CV": "Covasna",
      "DB": "D\u00e2mbovi\u021ba",
      "DJ": "Dolj",
      "GL": "Gala\u021bi",
      "GR": "Giurgiu",
      "GJ": "Gorj",
      "HR": "Harghita",
      "HD": "Hunedoara",
      "IL": "Ialomi\u021ba",
      "IS": "Ia\u0219i",
      "IF": "Ilfov",
      "MM": "Maramure\u0219",
      "MH": "Mehedin\u021bi",
      "MS": "Mure\u0219",
      "NT": "Neam\u021b",
      "OT": "Olt",
      "PH": "Prahova",
      "SJ": "S\u0103laj",
      "SM": "Satu Mare",
      "SB": "Sibiu",
      "SV": "Suceava",
      "TR": "Teleorman",
      "TM": "Timi\u0219",
      "TL": "Tulcea",
      "VL": "V\u00e2lcea",
      "VS": "Vaslui",
      "VN": "Vrancea"
  },
  "SG": [],
  "SK": [],
  "SI": [],
  "SV": {
      "SV-AH": "Ahuachap\u00e1n",
      "SV-CA": "Caba\u00f1as",
      "SV-CH": "Chalatenango",
      "SV-CU": "Cuscatl\u00e1n",
      "SV-LI": "La Libertad",
      "SV-MO": "Moraz\u00e1n",
      "SV-PA": "La Paz",
      "SV-SA": "Santa Ana",
      "SV-SM": "San Miguel",
      "SV-SO": "Sonsonate",
      "SV-SS": "San Salvador",
      "SV-SV": "San Vicente",
      "SV-UN": "La Uni\u00f3n",
      "SV-US": "Usulut\u00e1n"
  },
  "TH": {
      "TH-37": "Amnat Charoen",
      "TH-15": "Ang Thong",
      "TH-14": "Ayutthaya",
      "TH-10": "Bangkok",
      "TH-38": "Bueng Kan",
      "TH-31": "Buri Ram",
      "TH-24": "Chachoengsao",
      "TH-18": "Chai Nat",
      "TH-36": "Chaiyaphum",
      "TH-22": "Chanthaburi",
      "TH-50": "Chiang Mai",
      "TH-57": "Chiang Rai",
      "TH-20": "Chonburi",
      "TH-86": "Chumphon",
      "TH-46": "Kalasin",
      "TH-62": "Kamphaeng Phet",
      "TH-71": "Kanchanaburi",
      "TH-40": "Khon Kaen",
      "TH-81": "Krabi",
      "TH-52": "Lampang",
      "TH-51": "Lamphun",
      "TH-42": "Loei",
      "TH-16": "Lopburi",
      "TH-58": "Mae Hong Son",
      "TH-44": "Maha Sarakham",
      "TH-49": "Mukdahan",
      "TH-26": "Nakhon Nayok",
      "TH-73": "Nakhon Pathom",
      "TH-48": "Nakhon Phanom",
      "TH-30": "Nakhon Ratchasima",
      "TH-60": "Nakhon Sawan",
      "TH-80": "Nakhon Si Thammarat",
      "TH-55": "Nan",
      "TH-96": "Narathiwat",
      "TH-39": "Nong Bua Lam Phu",
      "TH-43": "Nong Khai",
      "TH-12": "Nonthaburi",
      "TH-13": "Pathum Thani",
      "TH-94": "Pattani",
      "TH-82": "Phang Nga",
      "TH-93": "Phatthalung",
      "TH-56": "Phayao",
      "TH-67": "Phetchabun",
      "TH-76": "Phetchaburi",
      "TH-66": "Phichit",
      "TH-65": "Phitsanulok",
      "TH-54": "Phrae",
      "TH-83": "Phuket",
      "TH-25": "Prachin Buri",
      "TH-77": "Prachuap Khiri Khan",
      "TH-85": "Ranong",
      "TH-70": "Ratchaburi",
      "TH-21": "Rayong",
      "TH-45": "Roi Et",
      "TH-27": "Sa Kaeo",
      "TH-47": "Sakon Nakhon",
      "TH-11": "Samut Prakan",
      "TH-74": "Samut Sakhon",
      "TH-75": "Samut Songkhram",
      "TH-19": "Saraburi",
      "TH-91": "Satun",
      "TH-17": "Sing Buri",
      "TH-33": "Sisaket",
      "TH-90": "Songkhla",
      "TH-64": "Sukhothai",
      "TH-72": "Suphan Buri",
      "TH-84": "Surat Thani",
      "TH-32": "Surin",
      "TH-63": "Tak",
      "TH-92": "Trang",
      "TH-23": "Trat",
      "TH-34": "Ubon Ratchathani",
      "TH-41": "Udon Thani",
      "TH-61": "Uthai Thani",
      "TH-53": "Uttaradit",
      "TH-95": "Yala",
      "TH-35": "Yasothon"
  },
  "TR": {
      "TR01": "Adana",
      "TR02": "Ad\u0131yaman",
      "TR03": "Afyon",
      "TR04": "A\u011fr\u0131",
      "TR05": "Amasya",
      "TR06": "Ankara",
      "TR07": "Antalya",
      "TR08": "Artvin",
      "TR09": "Ayd\u0131n",
      "TR10": "Bal\u0131kesir",
      "TR11": "Bilecik",
      "TR12": "Bing\u00f6l",
      "TR13": "Bitlis",
      "TR14": "Bolu",
      "TR15": "Burdur",
      "TR16": "Bursa",
      "TR17": "\u00c7anakkale",
      "TR18": "\u00c7ank\u0131r\u0131",
      "TR19": "\u00c7orum",
      "TR20": "Denizli",
      "TR21": "Diyarbak\u0131r",
      "TR22": "Edirne",
      "TR23": "Elaz\u0131\u011f",
      "TR24": "Erzincan",
      "TR25": "Erzurum",
      "TR26": "Eski\u015fehir",
      "TR27": "Gaziantep",
      "TR28": "Giresun",
      "TR29": "G\u00fcm\u00fc\u015fhane",
      "TR30": "Hakkari",
      "TR31": "Hatay",
      "TR32": "Isparta",
      "TR33": "\u0130\u00e7el",
      "TR34": "\u0130stanbul",
      "TR35": "\u0130zmir",
      "TR36": "Kars",
      "TR37": "Kastamonu",
      "TR38": "Kayseri",
      "TR39": "K\u0131rklareli",
      "TR40": "K\u0131r\u015fehir",
      "TR41": "Kocaeli",
      "TR42": "Konya",
      "TR43": "K\u00fctahya",
      "TR44": "Malatya",
      "TR45": "Manisa",
      "TR46": "Kahramanmara\u015f",
      "TR47": "Mardin",
      "TR48": "Mu\u011fla",
      "TR49": "Mu\u015f",
      "TR50": "Nev\u015fehir",
      "TR51": "Ni\u011fde",
      "TR52": "Ordu",
      "TR53": "Rize",
      "TR54": "Sakarya",
      "TR55": "Samsun",
      "TR56": "Siirt",
      "TR57": "Sinop",
      "TR58": "Sivas",
      "TR59": "Tekirda\u011f",
      "TR60": "Tokat",
      "TR61": "Trabzon",
      "TR62": "Tunceli",
      "TR63": "\u015eanl\u0131urfa",
      "TR64": "U\u015fak",
      "TR65": "Van",
      "TR66": "Yozgat",
      "TR67": "Zonguldak",
      "TR68": "Aksaray",
      "TR69": "Bayburt",
      "TR70": "Karaman",
      "TR71": "K\u0131r\u0131kkale",
      "TR72": "Batman",
      "TR73": "\u015e\u0131rnak",
      "TR74": "Bart\u0131n",
      "TR75": "Ardahan",
      "TR76": "I\u011fd\u0131r",
      "TR77": "Yalova",
      "TR78": "Karab\u00fck",
      "TR79": "Kilis",
      "TR80": "Osmaniye",
      "TR81": "D\u00fczce"
  },
  "TZ": {
      "TZ01": "Arusha",
      "TZ02": "Dar es Salaam",
      "TZ03": "Dodoma",
      "TZ04": "Iringa",
      "TZ05": "Kagera",
      "TZ06": "Pemba North",
      "TZ07": "Zanzibar North",
      "TZ08": "Kigoma",
      "TZ09": "Kilimanjaro",
      "TZ10": "Pemba South",
      "TZ11": "Zanzibar South",
      "TZ12": "Lindi",
      "TZ13": "Mara",
      "TZ14": "Mbeya",
      "TZ15": "Zanzibar West",
      "TZ16": "Morogoro",
      "TZ17": "Mtwara",
      "TZ18": "Mwanza",
      "TZ19": "Coast",
      "TZ20": "Rukwa",
      "TZ21": "Ruvuma",
      "TZ22": "Shinyanga",
      "TZ23": "Singida",
      "TZ24": "Tabora",
      "TZ25": "Tanga",
      "TZ26": "Manyara",
      "TZ27": "Geita",
      "TZ28": "Katavi",
      "TZ29": "Njombe",
      "TZ30": "Simiyu"
  },
  "LK": [],
  "RS": {
      "RS00": "Belgrade",
      "RS14": "Bor",
      "RS11": "Brani\u010devo",
      "RS02": "Central Banat",
      "RS10": "Danube",
      "RS23": "Jablanica",
      "RS09": "Kolubara",
      "RS08": "Ma\u010dva",
      "RS17": "Morava",
      "RS20": "Ni\u0161ava",
      "RS01": "North Ba\u010dka",
      "RS03": "North Banat",
      "RS24": "P\u010dinja",
      "RS22": "Pirot",
      "RS13": "Pomoravlje",
      "RS19": "Rasina",
      "RS18": "Ra\u0161ka",
      "RS06": "South Ba\u010dka",
      "RS04": "South Banat",
      "RS07": "Srem",
      "RS12": "\u0160umadija",
      "RS21": "Toplica",
      "RS05": "West Ba\u010dka",
      "RS15": "Zaje\u010dar",
      "RS16": "Zlatibor",
      "RS25": "Kosovo",
      "RS26": "Pe\u0107",
      "RS27": "Prizren",
      "RS28": "Kosovska Mitrovica",
      "RS29": "Kosovo-Pomoravlje",
      "RSKM": "Kosovo-Metohija",
      "RSVO": "Vojvodina"
  },
  "SE": [],
  "UA": {
      "VN": "Vinnytsia Oblast",
      "VL": "Volyn Oblast",
      "DP": "Dnipropetrovsk Oblast",
      "DT": "Donetsk Oblast",
      "ZT": "Zhytomyr Oblast",
      "ZK": "Zakarpattia Oblast",
      "ZP": "Zaporizhzhia Oblast",
      "IF": "Ivano-Frankivsk Oblast",
      "KV": "Kyiv Oblast",
      "KH": "Kirovohrad Oblast",
      "LH": "Luhansk Oblast",
      "LV": "Lviv Oblast",
      "MY": "Mykolaiv Oblast",
      "OD": "Odessa Oblast",
      "PL": "Poltava Oblast",
      "RV": "Rivne Oblast",
      "SM": "Sumy Oblast",
      "TP": "Ternopil Oblast",
      "KK": "Kharkiv Oblast",
      "KS": "Kherson Oblast",
      "KM": "Khmelnytskyi Oblast",
      "CK": "Cherkasy Oblast",
      "CH": "Chernihiv Oblast",
      "CV": "Chernivtsi Oblast"
  },
  "UG": {
      "UG314": "Abim",
      "UG301": "Adjumani",
      "UG322": "Agago",
      "UG323": "Alebtong",
      "UG315": "Amolatar",
      "UG324": "Amudat",
      "UG216": "Amuria",
      "UG316": "Amuru",
      "UG302": "Apac",
      "UG303": "Arua",
      "UG217": "Budaka",
      "UG218": "Bududa",
      "UG201": "Bugiri",
      "UG235": "Bugweri",
      "UG420": "Buhweju",
      "UG117": "Buikwe",
      "UG219": "Bukedea",
      "UG118": "Bukomansimbi",
      "UG220": "Bukwa",
      "UG225": "Bulambuli",
      "UG416": "Buliisa",
      "UG401": "Bundibugyo",
      "UG430": "Bunyangabu",
      "UG402": "Bushenyi",
      "UG202": "Busia",
      "UG221": "Butaleja",
      "UG119": "Butambala",
      "UG233": "Butebo",
      "UG120": "Buvuma",
      "UG226": "Buyende",
      "UG317": "Dokolo",
      "UG121": "Gomba",
      "UG304": "Gulu",
      "UG403": "Hoima",
      "UG417": "Ibanda",
      "UG203": "Iganga",
      "UG418": "Isingiro",
      "UG204": "Jinja",
      "UG318": "Kaabong",
      "UG404": "Kabale",
      "UG405": "Kabarole",
      "UG213": "Kaberamaido",
      "UG427": "Kagadi",
      "UG428": "Kakumiro",
      "UG101": "Kalangala",
      "UG222": "Kaliro",
      "UG122": "Kalungu",
      "UG102": "Kampala",
      "UG205": "Kamuli",
      "UG413": "Kamwenge",
      "UG414": "Kanungu",
      "UG206": "Kapchorwa",
      "UG236": "Kapelebyong",
      "UG126": "Kasanda",
      "UG406": "Kasese",
      "UG207": "Katakwi",
      "UG112": "Kayunga",
      "UG407": "Kibaale",
      "UG103": "Kiboga",
      "UG227": "Kibuku",
      "UG432": "Kikuube",
      "UG419": "Kiruhura",
      "UG421": "Kiryandongo",
      "UG408": "Kisoro",
      "UG305": "Kitgum",
      "UG319": "Koboko",
      "UG325": "Kole",
      "UG306": "Kotido",
      "UG208": "Kumi",
      "UG333": "Kwania",
      "UG228": "Kween",
      "UG123": "Kyankwanzi",
      "UG422": "Kyegegwa",
      "UG415": "Kyenjojo",
      "UG125": "Kyotera",
      "UG326": "Lamwo",
      "UG307": "Lira",
      "UG229": "Luuka",
      "UG104": "Luwero",
      "UG124": "Lwengo",
      "UG114": "Lyantonde",
      "UG223": "Manafwa",
      "UG320": "Maracha",
      "UG105": "Masaka",
      "UG409": "Masindi",
      "UG214": "Mayuge",
      "UG209": "Mbale",
      "UG410": "Mbarara",
      "UG423": "Mitooma",
      "UG115": "Mityana",
      "UG308": "Moroto",
      "UG309": "Moyo",
      "UG106": "Mpigi",
      "UG107": "Mubende",
      "UG108": "Mukono",
      "UG334": "Nabilatuk",
      "UG311": "Nakapiripirit",
      "UG116": "Nakaseke",
      "UG109": "Nakasongola",
      "UG230": "Namayingo",
      "UG234": "Namisindwa",
      "UG224": "Namutumba",
      "UG327": "Napak",
      "UG310": "Nebbi",
      "UG231": "Ngora",
      "UG424": "Ntoroko",
      "UG411": "Ntungamo",
      "UG328": "Nwoya",
      "UG331": "Omoro",
      "UG329": "Otuke",
      "UG321": "Oyam",
      "UG312": "Pader",
      "UG332": "Pakwach",
      "UG210": "Pallisa",
      "UG110": "Rakai",
      "UG429": "Rubanda",
      "UG425": "Rubirizi",
      "UG431": "Rukiga",
      "UG412": "Rukungiri",
      "UG111": "Sembabule",
      "UG232": "Serere",
      "UG426": "Sheema",
      "UG215": "Sironko",
      "UG211": "Soroti",
      "UG212": "Tororo",
      "UG113": "Wakiso",
      "UG313": "Yumbe",
      "UG330": "Zombo"
  },
  "UM": {
      "81": "Baker Island",
      "84": "Howland Island",
      "86": "Jarvis Island",
      "67": "Johnston Atoll",
      "89": "Kingman Reef",
      "71": "Midway Atoll",
      "76": "Navassa Island",
      "95": "Palmyra Atoll",
      "79": "Wake Island"
  },
  "US": {
      "AL": "Alabama",
      "AK": "Alaska",
      "AZ": "Arizona",
      "AR": "Arkansas",
      "CA": "California",
      "CO": "Colorado",
      "CT": "Connecticut",
      "DE": "Delaware",
      "DC": "District Of Columbia",
      "FL": "Florida",
      "GA": "Georgia",
      "HI": "Hawaii",
      "ID": "Idaho",
      "IL": "Illinois",
      "IN": "Indiana",
      "IA": "Iowa",
      "KS": "Kansas",
      "KY": "Kentucky",
      "LA": "Louisiana",
      "ME": "Maine",
      "MD": "Maryland",
      "MA": "Massachusetts",
      "MI": "Michigan",
      "MN": "Minnesota",
      "MS": "Mississippi",
      "MO": "Missouri",
      "MT": "Montana",
      "NE": "Nebraska",
      "NV": "Nevada",
      "NH": "New Hampshire",
      "NJ": "New Jersey",
      "NM": "New Mexico",
      "NY": "New York",
      "NC": "North Carolina",
      "ND": "North Dakota",
      "OH": "Ohio",
      "OK": "Oklahoma",
      "OR": "Oregon",
      "PA": "Pennsylvania",
      "RI": "Rhode Island",
      "SC": "South Carolina",
      "SD": "South Dakota",
      "TN": "Tennessee",
      "TX": "Texas",
      "UT": "Utah",
      "VT": "Vermont",
      "VA": "Virginia",
      "WA": "Washington",
      "WV": "West Virginia",
      "WI": "Wisconsin",
      "WY": "Wyoming",
      "AA": "Armed Forces (AA)",
      "AE": "Armed Forces (AE)",
      "AP": "Armed Forces (AP)"
  },
  "UY": {
      "UY-AR": "Artigas",
      "UY-CA": "Canelones",
      "UY-CL": "Cerro Largo",
      "UY-CO": "Colonia",
      "UY-DU": "Durazno",
      "UY-FS": "Flores",
      "UY-FD": "Florida",
      "UY-LA": "Lavalleja",
      "UY-MA": "Maldonado",
      "UY-MO": "Montevideo",
      "UY-PA": "Paysand\u00fa",
      "UY-RN": "R\u00edo Negro",
      "UY-RV": "Rivera",
      "UY-RO": "Rocha",
      "UY-SA": "Salto",
      "UY-SJ": "San Jos\u00e9",
      "UY-SO": "Soriano",
      "UY-TA": "Tacuaremb\u00f3",
      "UY-TT": "Treinta y Tres"
  },
  "VE": {
      "VE-A": "Capital",
      "VE-B": "Anzo\u00e1tegui",
      "VE-C": "Apure",
      "VE-D": "Aragua",
      "VE-E": "Barinas",
      "VE-F": "Bol\u00edvar",
      "VE-G": "Carabobo",
      "VE-H": "Cojedes",
      "VE-I": "Falc\u00f3n",
      "VE-J": "Gu\u00e1rico",
      "VE-K": "Lara",
      "VE-L": "M\u00e9rida",
      "VE-M": "Miranda",
      "VE-N": "Monagas",
      "VE-O": "Nueva Esparta",
      "VE-P": "Portuguesa",
      "VE-R": "Sucre",
      "VE-S": "T\u00e1chira",
      "VE-T": "Trujillo",
      "VE-U": "Yaracuy",
      "VE-V": "Zulia",
      "VE-W": "Federal Dependencies",
      "VE-X": "La Guaira (Vargas)",
      "VE-Y": "Delta Amacuro",
      "VE-Z": "Amazonas"
  },
  "VN": [],
  "YT": [],
  "ZA": {
      "EC": "Eastern Cape",
      "FS": "Free State",
      "GP": "Gauteng",
      "KZN": "KwaZulu-Natal",
      "LP": "Limpopo",
      "MP": "Mpumalanga",
      "NC": "Northern Cape",
      "NW": "North West",
      "WC": "Western Cape"
  },
  "ZM": {
      "ZM-01": "Western",
      "ZM-02": "Central",
      "ZM-03": "Eastern",
      "ZM-04": "Luapula",
      "ZM-05": "Northern",
      "ZM-06": "North-Western",
      "ZM-07": "Southern",
      "ZM-08": "Copperbelt",
      "ZM-09": "Lusaka",
      "ZM-10": "Muchinga"
  }
}
